1,1334033,333264,449000,5000006000,49000
1,1334033,333264,449000,5000006000,3854000
1,1334033,333264,449000,5000006000,3854000
1,1334033,333264,449000,5000006000,3855000
1,1334033,333264,449000,5000006000,3853000
1,1334033,333264,449000,5000006000,3853000
1,1334033,333264,449000,5000006000,3852000
1,1334033,333264,449000,5000006000,3853000
1,1334033,333264,449000,5000006000,3854000
1,1334033,333264,449000,5000006000,3854000
1,1334033,333264,449000,5000006000,3853000
1,1334033,333264,449000,5000006000,3853000
1,1334033,333264,449000,5000006000,3854000
1,1334033,333264,449000,5000006000,3871000
1,1334033,333264,449000,5000006000,3848000
1,1334033,333264,449000,5000006000,3848000
1,1334033,333264,449000,5000006000,3848000
1,1334033,333264,449000,5000006000,3847000
1,1334033,333264,449000,5000006000,3849000
1,1334033,333264,449000,5000006000,3848000
1,1334033,333264,449000,5000006000,3848000
1,1334033,333264,449000,5000006000,3847000
1,1334033,333264,449000,5000006000,3847000
1,1334033,333264,449000,5000006000,3855000
1,1334033,333264,449000,5000006000,3854000
1,1334033,333264,449000,5000006000,3854000
1,1334033,333264,449000,5000006000,3852000
1,1334033,333264,449000,5000006000,3850000
1,1334033,333264,449000,5000006000,3850000
1,1334033,333264,449000,5000006000,3850000
1,1334033,333264,449000,5000006000,3849000
1,1334033,333264,449000,5000006000,3850000
1,1334033,333264,449000,5000006000,3851000
1,1334033,333264,449000,5000006000,3851000
1,1334033,333264,449000,5000006000,3851000
1,1334033,333264,449000,5000006000,3851000
1,1334033,333264,449000,5000006000,3851000
1,1334033,333264,449000,5000006000,3858000
1,1334033,333264,449000,5000006000,3855000
1,1334033,333264,449000,5000006000,3851000
1,1334033,333264,449000,5000006000,3851000
1,1334033,333264,449000,5000006000,3852000
1,1334033,333264,449000,5000006000,3852000
1,1334033,333264,449000,5000006000,3853000
1,1334033,333264,449000,5000006000,3852000
1,1334033,333264,449000,5000006000,3853000
1,1334033,333264,449000,5000006000,3852000
1,1334033,333264,449000,5000006000,3851000
1,1334033,333264,449000,5000006000,3851000
1,1334033,333264,449000,5000006000,3851000
1,1334033,333264,449000,5000006000,3851000
1,1334033,333264,449000,5000006000,3852000
1,1334033,333264,449000,5000006000,3851000
1,1334033,333264,449000,5000006000,3852000
1,1334033,333264,449000,5000006000,3851000
1,1334033,333264,449000,5000006000,3850000
1,1334033,333264,449000,5000006000,3852000
1,1334033,333264,449000,5000006000,3851000
1,1334033,333264,449000,5000006000,3850000
1,1334033,333264,449000,5000006000,3850000
1,1334033,333264,449000,5000006000,3850000
1,1334033,333264,449000,5000006000,3850000
1,1334033,333264,449000,5000006000,3850000
1,1334033,333264,449000,5000006000,3855000
1,1334033,333264,449000,5000006000,3855000
1,1334033,333264,449000,5000006000,3854000
1,1334033,333264,449000,5000006000,3854000
1,1334033,333264,449000,5000006000,3854000
1,1334033,333264,449000,5000006000,3854000
1,1334033,333264,449000,5000006000,3853000
1,1334033,333264,449000,5000006000,3854000
1,1334033,333264,449000,5000006000,3854000
1,1334033,333264,449000,5000006000,3854000
1,1334033,333264,449000,5000006000,3854000
1,1334033,333264,449000,5000006000,3854000
1,1334033,333264,449000,5000006000,3854000
1,1334033,333264,449000,5000006000,3853000
1,1334033,333264,449000,5000006000,3854000
1,1334033,333264,449000,5000006000,3852000
1,1334033,333264,449000,5000006000,3853000
1,1334033,333264,449000,5000006000,3852000
1,1334033,333264,449000,5000006000,3853000
1,1334033,333264,449000,5000006000,3853000
1,1334033,333264,449000,5000006000,3853000
1,1334033,333264,449000,5000006000,3851000
1,1334033,333264,449000,5000006000,3851000
1,1334033,333264,449000,5000006000,3851000
1,1334033,333264,449000,5000006000,3854000
1,1334033,333264,449000,5000006000,3854000
1,1334033,333264,449000,5000006000,3854000
1,1334033,333264,449000,5000006000,3853000
1,1334033,333264,449000,5000006000,3853000
1,1334033,333264,449000,5000006000,3853000
1,1334033,333264,449000,5000006000,3851000
1,1334033,333264,449000,5000006000,3851000
1,1334033,333264,449000,5000006000,3851000
1,1334033,333264,449000,5000006000,3852000
1,1334033,333264,449000,5000006000,3851000
1,1334033,333264,449000,5000006000,3852000
1,1334033,333264,449000,5000006000,3851000
1,1334033,333264,449000,5000006000,3852000
1,1334033,333264,449000,5000006000,3854000
1,1334033,333264,449000,5000006000,3852000
1,1334033,333264,449000,5000006000,3852000
1,1334033,333264,449000,5000006000,3853000
1,1334033,333264,449000,5000006000,3855000
1,1334033,333264,449000,5000006000,3853000
1,1334033,333264,449000,5000006000,3855000
1,1334033,333264,449000,5000006000,3854000
1,1334033,333264,449000,5000006000,3854000
1,1334033,333264,449000,5000006000,3848000
1,1334033,333264,449000,5000006000,3851000
1,1334033,333264,449000,5000006000,3854000
1,1334033,333264,449000,5000006000,3851000
1,1334033,333264,449000,5000006000,3850000
1,1334033,333264,449000,5000006000,3851000
1,1334033,333264,449000,5000006000,3854000
1,1334033,333264,449000,5000006000,3854000
1,1334033,333264,449000,5000006000,3854000
1,1334033,333264,449000,5000006000,3855000
1,1334033,333264,449000,5000006000,3853000
1,1334033,333264,449000,5000006000,3854000
1,1334033,333264,449000,5000006000,3853000
1,1334033,333264,449000,5000006000,3852000
1,1334033,333264,449000,5000006000,3851000
1,1334033,333264,449000,5000006000,3850000
1,1334033,333264,449000,5000006000,3854000
1,1334033,333264,449000,5000006000,3853000
1,1334033,333264,449000,5000006000,3854000
1,1334033,333264,449000,5000006000,3854000
1,1334033,333264,449000,5000006000,3848000
1,1334033,333264,449000,5000006000,3848000
1,1334033,333264,449000,5000006000,3854000
1,1334033,333264,449000,5000006000,3854000
1,1334033,333264,449000,5000006000,3860000
1,1334033,333264,449000,5000006000,3853000
1,1334033,333264,449000,5000006000,3854000
1,1334033,333264,449000,5000006000,3854000
1,1334033,333264,449000,5000006000,3852000
1,1334033,333264,449000,5000006000,3854000
1,1334033,333264,449000,5000006000,3854000
1,1334033,333264,449000,5000006000,3854000
1,1334033,333264,449000,5000006000,3854000
1,1334033,333264,449000,5000006000,3853000
1,1334033,333264,449000,5000006000,3853000
1,1334033,333264,449000,5000006000,3852000
1,1334033,333264,449000,5000006000,3852000
1,1334033,333264,449000,5000006000,3853000
1,1334033,333264,449000,5000006000,3853000
1,1334033,333264,449000,5000006000,3853000
1,1334033,333264,449000,5000006000,3852000
1,1334033,333264,449000,5000006000,3853000
1,1334033,333264,449000,5000006000,3852000
1,1334033,333264,449000,5000006000,3853000
1,1334033,333264,449000,5000006000,3853000
1,1334033,333264,449000,5000006000,3852000
1,1334033,333264,449000,5000006000,3853000
1,1334033,333264,449000,5000006000,3852000
1,1334033,333264,449000,5000006000,3853000
1,1334033,333264,449000,5000006000,3852000
1,1334033,333264,449000,5000006000,3852000
1,1334033,333264,449000,5000006000,3851000
1,1334033,333264,449000,5000006000,3857000
1,1334033,333264,449000,5000006000,3854000
1,1334033,333264,449000,5000006000,3854000
1,1334033,333264,449000,5000006000,3854000
1,1334033,333264,449000,5000006000,3854000
1,1334033,333264,449000,5000006000,3847000
1,1334033,333264,449000,5000006000,3855000
1,1334033,333264,449000,5000006000,3856000
1,1334033,333264,449000,5000006000,3855000
1,1334033,333264,449000,5000006000,3855000
1,1334033,333264,449000,5000006000,3854000
1,1334033,333264,449000,5000006000,3850000
1,1334033,333264,449000,5000006000,3854000
1,1334033,333264,449000,5000006000,3845000
1,1334033,333264,449000,5000006000,3848000
1,1334033,333264,449000,5000006000,3847000
1,1334033,333264,449000,5000006000,3852000
1,1334033,333264,449000,5000006000,3853000
1,1334033,333264,449000,5000006000,3851000
1,1334033,333264,449000,5000006000,3851000
1,1334033,333264,449000,5000006000,3851000
1,1334033,333264,449000,5000006000,3853000
1,1334033,333264,449000,5000006000,3852000
1,1334033,333264,449000,5000006000,3851000
1,1334033,333264,449000,5000006000,3852000
1,1334033,333264,449000,5000006000,3851000
1,1334033,333264,449000,5000006000,3855000
1,1334033,333264,449000,5000006000,3851000
1,1334033,333264,449000,5000006000,3852000
1,1334033,333264,449000,5000006000,3851000
1,1334033,333264,449000,5000006000,3854000
1,1334033,333264,449000,5000006000,3855000
1,1334033,333264,449000,5000006000,3853000
1,1334033,333264,449000,5000006000,3854000
1,1334033,333264,449000,5000006000,3854000
1,1334033,333264,449000,5000006000,3854000
1,1334033,333264,449000,5000006000,3854000
1,1334033,333264,449000,5000006000,3854000
1,1334033,333264,449000,5000006000,3854000
1,1334033,333264,449000,5000006000,3854000
1,1334033,333264,449000,5000006000,3854000
1,1334033,333264,449000,5000006000,3853000
1,1334033,333264,449000,5000006000,3853000
1,1334033,333264,449000,5000006000,3851000
1,1334033,333264,449000,5000006000,3855000
1,1334033,333264,449000,5000006000,3853000
1,1334033,333264,449000,5000006000,3853000
1,1334033,333264,449000,5000006000,3852000
1,1334033,333264,449000,5000006000,3855000
1,1334033,333264,449000,5000006000,3856000
1,1334033,333264,449000,5000006000,3855000
1,1334033,333264,449000,5000006000,3854000
1,1334033,333264,449000,5000006000,3853000
1,1334033,333264,449000,5000006000,3853000
1,1334033,333264,449000,5000006000,3853000
1,1334033,333264,449000,5000006000,3853000
1,1334033,333264,449000,5000006000,3871000
1,1334033,333264,449000,5000006000,3853000
1,1334033,333264,449000,5000006000,3854000
1,1334033,333264,449000,5000006000,3854000
1,1334033,333264,449000,5000006000,3854000
1,1334033,333264,449000,5000006000,3855000
1,1334033,333264,449000,5000006000,3854000
1,1334033,333264,449000,5000006000,3853000
1,1334033,333264,449000,5000006000,3853000
1,1334033,333264,449000,5000006000,3853000
1,1334033,333264,449000,5000006000,3854000
1,1334033,333264,449000,5000006000,3854000
1,1334033,333264,449000,5000006000,3854000
1,1334033,333264,449000,5000006000,3852000
1,1334033,333264,449000,5000006000,3851000
1,1334033,333264,449000,5000006000,3851000
1,1334033,333264,449000,5000006000,3853000
1,1334033,333264,449000,5000006000,3849000
1,1334033,333264,449000,5000006000,3854000
1,1334033,333264,449000,5000006000,3852000
1,1334033,333264,449000,5000006000,3850000
1,1334033,333264,449000,5000006000,3851000
1,1334033,333264,449000,5000006000,3846000
1,1334033,333264,449000,5000006000,3847000
1,1334033,333264,449000,5000006000,3854000
1,1334033,333264,449000,5000006000,3851000
1,1334033,333264,449000,5000006000,3850000
1,1334033,333264,449000,5000006000,3850000
1,1334033,333264,449000,5000006000,3851000
1,1334033,333264,449000,5000006000,3852000
1,1334033,333264,449000,5000006000,3854000
1,1334033,333264,449000,5000006000,3851000
1,1334033,333264,449000,5000006000,3850000
1,1334033,333264,449000,5000006000,3850000
1,1334033,333264,449000,5000006000,3855000
1,1334033,333264,449000,5000006000,3855000
1,1334033,333264,449000,5000006000,3855000
1,1334033,333264,449000,5000006000,3856000
1,1334033,333264,449000,5000006000,3854000
1,1334033,333264,449000,5000006000,3854000
1,1334033,333264,449000,5000006000,3854000
1,1334033,333264,449000,5000006000,3854000
1,1334033,333264,449000,5000006000,3855000
1,1334033,333264,449000,5000006000,3854000
1,1334033,333264,449000,5000006000,3852000
1,1334033,333264,449000,5000006000,3854000
1,1334033,333264,449000,5000006000,3849000
1,1334033,333264,449000,5000006000,3850000
1,1334033,333264,449000,5000006000,3851000
1,1334033,333264,449000,5000006000,3851000
1,1334033,333264,449000,5000006000,3857000
1,1334033,333264,449000,5000006000,3854000
1,1334033,333264,449000,5000006000,3855000
1,1334033,333264,449000,5000006000,3855000
1,1334033,333264,449000,5000006000,3855000
1,1334033,333264,449000,5000006000,3849000
1,1334033,333264,449000,5000006000,3855000
1,1334033,333264,449000,5000006000,3853000
1,1334033,333264,449000,5000006000,3854000
1,1334033,333264,449000,5000006000,3852000
1,1334033,333264,449000,5000006000,3852000
1,1334033,333264,449000,5000006000,3851000
1,1334033,333264,449000,5000006000,3852000
1,1334033,333264,449000,5000006000,3853000
1,1334033,333264,449000,5000006000,3851000
1,1334033,333264,449000,5000006000,3851000
1,1334033,333264,449000,5000006000,3851000
1,1334033,333264,449000,5000006000,3851000
1,1334033,333264,449000,5000006000,3851000
1,1334033,333264,449000,5000006000,3851000
1,1334033,333264,449000,5000006000,3851000
1,1334033,333264,449000,5000006000,3851000
1,1334033,333264,449000,5000006000,3852000
1,1334033,333264,449000,5000006000,3851000
1,1334033,333264,449000,5000006000,3852000
1,1334033,333264,449000,5000006000,3850000
1,1334033,333264,449000,5000006000,3850000
1,1334033,333264,449000,5000006000,3850000
1,1334033,333264,449000,5000006000,3848000
1,1334033,333264,449000,5000006000,3846000
1,1334033,333264,449000,5000006000,3846000
1,1334033,333264,449000,5000006000,3854000
1,1334033,333264,449000,5000006000,3854000
1,1334033,333264,449000,5000006000,3855000
1,1334033,333264,449000,5000006000,3848000
1,1334033,333264,449000,5000006000,3849000
1,1334033,333264,449000,5000006000,3847000
1,1334033,333264,449000,5000006000,3846000
1,1334033,333264,449000,5000006000,3846000
1,1334033,333264,449000,5000006000,3847000
1,1334033,333264,449000,5000006000,3855000
1,1334033,333264,449000,5000006000,3855000
1,1334033,333264,449000,5000006000,3860000
1,1334033,333264,449000,5000006000,3853000
1,1334033,333264,449000,5000006000,3853000
1,1334033,333264,449000,5000006000,3854000
1,1334033,333264,449000,5000006000,3853000
1,1334033,333264,449000,5000006000,3854000
1,1334033,333264,449000,5000006000,3852000
1,1334033,333264,449000,5000006000,3853000
1,1334033,333264,449000,5000006000,3853000
1,1334033,333264,449000,5000006000,3853000
1,1334033,333264,449000,5000006000,3853000
1,1334033,333264,449000,5000006000,3853000
1,1334033,333264,449000,5000006000,3852000
1,1334033,333264,449000,5000006000,3853000
1,1334033,333264,449000,5000006000,3852000
1,1334033,333264,449000,5000006000,3854000
1,1334033,333264,449000,5000006000,3854000
1,1334033,333264,449000,5000006000,3853000
1,1334033,333264,449000,5000006000,3854000
1,1334033,333264,449000,5000006000,3854000
1,1334033,333264,449000,5000006000,3854000
1,1334033,333264,449000,5000006000,3854000
1,1334033,333264,449000,5000006000,3849000
1,1334033,333264,449000,5000006000,3850000
2,1334033,333267,454000,5000004000,49000
2,1334033,333267,454000,5000004000,3853000
2,1334033,333267,454000,5000004000,3851000
2,1334033,333267,454000,5000004000,3851000
2,1334033,333267,454000,5000004000,3849000
2,1334033,333267,454000,5000004000,3848000
2,1334033,333267,454000,5000004000,3849000
2,1334033,333267,454000,5000004000,3848000
2,1334033,333267,454000,5000004000,3847000
2,1334033,333267,454000,5000004000,3848000
2,1334033,333267,454000,5000004000,3849000
2,1334033,333267,454000,5000004000,3851000
2,1334033,333267,454000,5000004000,3851000
2,1334033,333267,454000,5000004000,3870000
2,1334033,333267,454000,5000004000,3852000
2,1334033,333267,454000,5000004000,3854000
2,1334033,333267,454000,5000004000,3853000
2,1334033,333267,454000,5000004000,3852000
2,1334033,333267,454000,5000004000,3853000
2,1334033,333267,454000,5000004000,3852000
2,1334033,333267,454000,5000004000,3853000
2,1334033,333267,454000,5000004000,3852000
2,1334033,333267,454000,5000004000,3852000
2,1334033,333267,454000,5000004000,3856000
2,1334033,333267,454000,5000004000,3854000
2,1334033,333267,454000,5000004000,3854000
2,1334033,333267,454000,5000004000,3856000
2,1334033,333267,454000,5000004000,3855000
2,1334033,333267,454000,5000004000,3855000
2,1334033,333267,454000,5000004000,3855000
2,1334033,333267,454000,5000004000,3855000
2,1334033,333267,454000,5000004000,3855000
2,1334033,333267,454000,5000004000,3855000
2,1334033,333267,454000,5000004000,3854000
2,1334033,333267,454000,5000004000,3854000
2,1334033,333267,454000,5000004000,3853000
2,1334033,333267,454000,5000004000,3854000
2,1334033,333267,454000,5000004000,3853000
2,1334033,333267,454000,5000004000,3854000
2,1334033,333267,454000,5000004000,3854000
2,1334033,333267,454000,5000004000,3854000
2,1334033,333267,454000,5000004000,3853000
2,1334033,333267,454000,5000004000,3853000
2,1334033,333267,454000,5000004000,3853000
2,1334033,333267,454000,5000004000,3854000
2,1334033,333267,454000,5000004000,3854000
2,1334033,333267,454000,5000004000,3853000
2,1334033,333267,454000,5000004000,3853000
2,1334033,333267,454000,5000004000,3852000
2,1334033,333267,454000,5000004000,3853000
2,1334033,333267,454000,5000004000,3852000
2,1334033,333267,454000,5000004000,3853000
2,1334033,333267,454000,5000004000,3851000
2,1334033,333267,454000,5000004000,3851000
2,1334033,333267,454000,5000004000,3850000
2,1334033,333267,454000,5000004000,3849000
2,1334033,333267,454000,5000004000,3849000
2,1334033,333267,454000,5000004000,3850000
2,1334033,333267,454000,5000004000,3852000
2,1334033,333267,454000,5000004000,3851000
2,1334033,333267,454000,5000004000,3852000
2,1334033,333267,454000,5000004000,3851000
2,1334033,333267,454000,5000004000,3851000
2,1334033,333267,454000,5000004000,3851000
2,1334033,333267,454000,5000004000,3852000
2,1334033,333267,454000,5000004000,3851000
2,1334033,333267,454000,5000004000,3853000
2,1334033,333267,454000,5000004000,3855000
2,1334033,333267,454000,5000004000,3855000
2,1334033,333267,454000,5000004000,3855000
2,1334033,333267,454000,5000004000,3853000
2,1334033,333267,454000,5000004000,3854000
2,1334033,333267,454000,5000004000,3854000
2,1334033,333267,454000,5000004000,3852000
2,1334033,333267,454000,5000004000,3853000
2,1334033,333267,454000,5000004000,3853000
2,1334033,333267,454000,5000004000,3854000
2,1334033,333267,454000,5000004000,3854000
2,1334033,333267,454000,5000004000,3853000
2,1334033,333267,454000,5000004000,3852000
2,1334033,333267,454000,5000004000,3854000
2,1334033,333267,454000,5000004000,3854000
2,1334033,333267,454000,5000004000,3854000
2,1334033,333267,454000,5000004000,3854000
2,1334033,333267,454000,5000004000,3854000
2,1334033,333267,454000,5000004000,3853000
2,1334033,333267,454000,5000004000,3854000
2,1334033,333267,454000,5000004000,3852000
2,1334033,333267,454000,5000004000,3851000
2,1334033,333267,454000,5000004000,3851000
2,1334033,333267,454000,5000004000,3853000
2,1334033,333267,454000,5000004000,3854000
2,1334033,333267,454000,5000004000,3855000
2,1334033,333267,454000,5000004000,3854000
2,1334033,333267,454000,5000004000,3854000
2,1334033,333267,454000,5000004000,3854000
2,1334033,333267,454000,5000004000,3853000
2,1334033,333267,454000,5000004000,3854000
2,1334033,333267,454000,5000004000,3853000
2,1334033,333267,454000,5000004000,3854000
2,1334033,333267,454000,5000004000,3855000
2,1334033,333267,454000,5000004000,3855000
2,1334033,333267,454000,5000004000,3853000
2,1334033,333267,454000,5000004000,3853000
2,1334033,333267,454000,5000004000,3854000
2,1334033,333267,454000,5000004000,3853000
2,1334033,333267,454000,5000004000,3853000
2,1334033,333267,454000,5000004000,3854000
2,1334033,333267,454000,5000004000,3857000
2,1334033,333267,454000,5000004000,3855000
2,1334033,333267,454000,5000004000,3855000
2,1334033,333267,454000,5000004000,3852000
2,1334033,333267,454000,5000004000,3854000
2,1334033,333267,454000,5000004000,3855000
2,1334033,333267,454000,5000004000,3853000
2,1334033,333267,454000,5000004000,3854000
2,1334033,333267,454000,5000004000,3853000
2,1334033,333267,454000,5000004000,3854000
2,1334033,333267,454000,5000004000,3853000
2,1334033,333267,454000,5000004000,3853000
2,1334033,333267,454000,5000004000,3853000
2,1334033,333267,454000,5000004000,3853000
2,1334033,333267,454000,5000004000,3853000
2,1334033,333267,454000,5000004000,3854000
2,1334033,333267,454000,5000004000,3853000
2,1334033,333267,454000,5000004000,3854000
2,1334033,333267,454000,5000004000,3849000
2,1334033,333267,454000,5000004000,3850000
2,1334033,333267,454000,5000004000,3849000
2,1334033,333267,454000,5000004000,3847000
2,1334033,333267,454000,5000004000,3855000
2,1334033,333267,454000,5000004000,3854000
2,1334033,333267,454000,5000004000,3852000
2,1334033,333267,454000,5000004000,3852000
2,1334033,333267,454000,5000004000,3857000
2,1334033,333267,454000,5000004000,3846000
2,1334033,333267,454000,5000004000,3846000
2,1334033,333267,454000,5000004000,3854000
2,1334033,333267,454000,5000004000,3856000
2,1334033,333267,454000,5000004000,3855000
2,1334033,333267,454000,5000004000,3853000
2,1334033,333267,454000,5000004000,3851000
2,1334033,333267,454000,5000004000,3851000
2,1334033,333267,454000,5000004000,3851000
2,1334033,333267,454000,5000004000,3851000
2,1334033,333267,454000,5000004000,3851000
2,1334033,333267,454000,5000004000,3853000
2,1334033,333267,454000,5000004000,3851000
2,1334033,333267,454000,5000004000,3851000
2,1334033,333267,454000,5000004000,3851000
2,1334033,333267,454000,5000004000,3851000
2,1334033,333267,454000,5000004000,3851000
2,1334033,333267,454000,5000004000,3852000
2,1334033,333267,454000,5000004000,3851000
2,1334033,333267,454000,5000004000,3851000
2,1334033,333267,454000,5000004000,3853000
2,1334033,333267,454000,5000004000,3852000
2,1334033,333267,454000,5000004000,3853000
2,1334033,333267,454000,5000004000,3852000
2,1334033,333267,454000,5000004000,3853000
2,1334033,333267,454000,5000004000,3852000
2,1334033,333267,454000,5000004000,3852000
2,1334033,333267,454000,5000004000,3848000
2,1334033,333267,454000,5000004000,3848000
2,1334033,333267,454000,5000004000,3848000
2,1334033,333267,454000,5000004000,3848000
2,1334033,333267,454000,5000004000,3848000
2,1334033,333267,454000,5000004000,3857000
2,1334033,333267,454000,5000004000,3851000
2,1334033,333267,454000,5000004000,3853000
2,1334033,333267,454000,5000004000,3854000
2,1334033,333267,454000,5000004000,3856000
2,1334033,333267,454000,5000004000,3851000
2,1334033,333267,454000,5000004000,3851000
2,1334033,333267,454000,5000004000,3849000
2,1334033,333267,454000,5000004000,3853000
2,1334033,333267,454000,5000004000,3858000
2,1334033,333267,454000,5000004000,3852000
2,1334033,333267,454000,5000004000,3850000
2,1334033,333267,454000,5000004000,3850000
2,1334033,333267,454000,5000004000,3850000
2,1334033,333267,454000,5000004000,3855000
2,1334033,333267,454000,5000004000,3853000
2,1334033,333267,454000,5000004000,3853000
2,1334033,333267,454000,5000004000,3852000
2,1334033,333267,454000,5000004000,3852000
2,1334033,333267,454000,5000004000,3852000
2,1334033,333267,454000,5000004000,3855000
2,1334033,333267,454000,5000004000,3853000
2,1334033,333267,454000,5000004000,3854000
2,1334033,333267,454000,5000004000,3853000
2,1334033,333267,454000,5000004000,3854000
2,1334033,333267,454000,5000004000,3851000
2,1334033,333267,454000,5000004000,3852000
2,1334033,333267,454000,5000004000,3850000
2,1334033,333267,454000,5000004000,3850000
2,1334033,333267,454000,5000004000,3851000
2,1334033,333267,454000,5000004000,3850000
2,1334033,333267,454000,5000004000,3850000
2,1334033,333267,454000,5000004000,3850000
2,1334033,333267,454000,5000004000,3850000
2,1334033,333267,454000,5000004000,3854000
2,1334033,333267,454000,5000004000,3852000
2,1334033,333267,454000,5000004000,3853000
2,1334033,333267,454000,5000004000,3852000
2,1334033,333267,454000,5000004000,3855000
2,1334033,333267,454000,5000004000,3852000
2,1334033,333267,454000,5000004000,3853000
2,1334033,333267,454000,5000004000,3852000
2,1334033,333267,454000,5000004000,3853000
2,1334033,333267,454000,5000004000,3848000
2,1334033,333267,454000,5000004000,3849000
2,1334033,333267,454000,5000004000,3850000
2,1334033,333267,454000,5000004000,3850000
2,1334033,333267,454000,5000004000,3850000
2,1334033,333267,454000,5000004000,3850000
2,1334033,333267,454000,5000004000,3850000
2,1334033,333267,454000,5000004000,3850000
2,1334033,333267,454000,5000004000,3873000
2,1334033,333267,454000,5000004000,3856000
2,1334033,333267,454000,5000004000,3856000
2,1334033,333267,454000,5000004000,3853000
2,1334033,333267,454000,5000004000,3852000
2,1334033,333267,454000,5000004000,3850000
2,1334033,333267,454000,5000004000,3849000
2,1334033,333267,454000,5000004000,3849000
2,1334033,333267,454000,5000004000,3850000
2,1334033,333267,454000,5000004000,3850000
2,1334033,333267,454000,5000004000,3850000
2,1334033,333267,454000,5000004000,3849000
2,1334033,333267,454000,5000004000,3847000
2,1334033,333267,454000,5000004000,3848000
2,1334033,333267,454000,5000004000,3849000
2,1334033,333267,454000,5000004000,3849000
2,1334033,333267,454000,5000004000,3855000
2,1334033,333267,454000,5000004000,3854000
2,1334033,333267,454000,5000004000,3852000
2,1334033,333267,454000,5000004000,3853000
2,1334033,333267,454000,5000004000,3852000
2,1334033,333267,454000,5000004000,3852000
2,1334033,333267,454000,5000004000,3852000
2,1334033,333267,454000,5000004000,3856000
2,1334033,333267,454000,5000004000,3852000
2,1334033,333267,454000,5000004000,3854000
2,1334033,333267,454000,5000004000,3854000
2,1334033,333267,454000,5000004000,3854000
2,1334033,333267,454000,5000004000,3856000
2,1334033,333267,454000,5000004000,3856000
2,1334033,333267,454000,5000004000,3853000
2,1334033,333267,454000,5000004000,3851000
2,1334033,333267,454000,5000004000,3850000
2,1334033,333267,454000,5000004000,3850000
2,1334033,333267,454000,5000004000,3849000
2,1334033,333267,454000,5000004000,3849000
2,1334033,333267,454000,5000004000,3848000
2,1334033,333267,454000,5000004000,3847000
2,1334033,333267,454000,5000004000,3847000
2,1334033,333267,454000,5000004000,3848000
2,1334033,333267,454000,5000004000,3847000
2,1334033,333267,454000,5000004000,3847000
2,1334033,333267,454000,5000004000,3847000
2,1334033,333267,454000,5000004000,3856000
2,1334033,333267,454000,5000004000,3849000
2,1334033,333267,454000,5000004000,3845000
2,1334033,333267,454000,5000004000,3851000
2,1334033,333267,454000,5000004000,3850000
2,1334033,333267,454000,5000004000,3850000
2,1334033,333267,454000,5000004000,3850000
2,1334033,333267,454000,5000004000,3852000
2,1334033,333267,454000,5000004000,3853000
2,1334033,333267,454000,5000004000,3852000
2,1334033,333267,454000,5000004000,3853000
2,1334033,333267,454000,5000004000,3851000
2,1334033,333267,454000,5000004000,3850000
2,1334033,333267,454000,5000004000,3851000
2,1334033,333267,454000,5000004000,3853000
2,1334033,333267,454000,5000004000,3853000
2,1334033,333267,454000,5000004000,3854000
2,1334033,333267,454000,5000004000,3854000
2,1334033,333267,454000,5000004000,3850000
2,1334033,333267,454000,5000004000,3856000
2,1334033,333267,454000,5000004000,3851000
2,1334033,333267,454000,5000004000,3851000
2,1334033,333267,454000,5000004000,3852000
2,1334033,333267,454000,5000004000,3852000
2,1334033,333267,454000,5000004000,3852000
2,1334033,333267,454000,5000004000,3851000
2,1334033,333267,454000,5000004000,3852000
2,1334033,333267,454000,5000004000,3852000
2,1334033,333267,454000,5000004000,3853000
2,1334033,333267,454000,5000004000,3853000
2,1334033,333267,454000,5000004000,3854000
2,1334033,333267,454000,5000004000,3853000
2,1334033,333267,454000,5000004000,3854000
2,1334033,333267,454000,5000004000,3853000
2,1334033,333267,454000,5000004000,3854000
2,1334033,333267,454000,5000004000,3855000
2,1334033,333267,454000,5000004000,3854000
2,1334033,333267,454000,5000004000,3856000
2,1334033,333267,454000,5000004000,3847000
2,1334033,333267,454000,5000004000,3846000
2,1334033,333267,454000,5000004000,3846000
2,1334033,333267,454000,5000004000,3857000
2,1334033,333267,454000,5000004000,3854000
2,1334033,333267,454000,5000004000,3854000
2,1334033,333267,454000,5000004000,3854000
2,1334033,333267,454000,5000004000,3854000
2,1334033,333267,454000,5000004000,3859000
2,1334033,333267,454000,5000004000,3854000
2,1334033,333267,454000,5000004000,3855000
2,1334033,333267,454000,5000004000,3851000
2,1334033,333267,454000,5000004000,3855000
2,1334033,333267,454000,5000004000,3853000
2,1334033,333267,454000,5000004000,3853000
2,1334033,333267,454000,5000004000,3853000
2,1334033,333267,454000,5000004000,3853000
2,1334033,333267,454000,5000004000,3850000
2,1334033,333267,454000,5000004000,3850000
2,1334033,333267,454000,5000004000,3850000
2,1334033,333267,454000,5000004000,3849000
2,1334033,333267,454000,5000004000,3849000
2,1334033,333267,454000,5000004000,3849000
2,1334033,333267,454000,5000004000,3849000
2,1334033,333267,454000,5000004000,3849000
2,1334033,333267,454000,5000004000,3849000
2,1334033,333267,454000,5000004000,3849000
2,1334033,333267,454000,5000004000,3848000
2,1334033,333267,454000,5000004000,3849000
2,1334033,333267,454000,5000004000,3848000
2,1334033,333267,454000,5000004000,3847000
2,1334033,333267,454000,5000004000,3848000
2,1334033,333267,454000,5000004000,3847000
2,1334033,333267,454000,5000004000,3856000
2,1334033,333267,454000,5000004000,3854000
3,1334033,333259,515000,5000003000,87000
3,1334033,333259,515000,5000003000,3848000
3,1334033,333259,515000,5000003000,3854000
3,1334033,333259,515000,5000003000,3854000
3,1334033,333259,515000,5000003000,3854000
3,1334033,333259,515000,5000003000,3852000
3,1334033,333259,515000,5000003000,3852000
3,1334033,333259,515000,5000003000,3854000
3,1334033,333259,515000,5000003000,3853000
3,1334033,333259,515000,5000003000,3853000
3,1334033,333259,515000,5000003000,3854000
3,1334033,333259,515000,5000003000,3853000
3,1334033,333259,515000,5000003000,3853000
3,1334033,333259,515000,5000003000,3873000
3,1334033,333259,515000,5000003000,3854000
3,1334033,333259,515000,5000003000,3853000
3,1334033,333259,515000,5000003000,3853000
3,1334033,333259,515000,5000003000,3854000
3,1334033,333259,515000,5000003000,3853000
3,1334033,333259,515000,5000003000,3854000
3,1334033,333259,515000,5000003000,3854000
3,1334033,333259,515000,5000003000,3854000
3,1334033,333259,515000,5000003000,3854000
3,1334033,333259,515000,5000003000,3854000
3,1334033,333259,515000,5000003000,3852000
3,1334033,333259,515000,5000003000,3852000
3,1334033,333259,515000,5000003000,3851000
3,1334033,333259,515000,5000003000,3851000
3,1334033,333259,515000,5000003000,3853000
3,1334033,333259,515000,5000003000,3853000
3,1334033,333259,515000,5000003000,3853000
3,1334033,333259,515000,5000003000,3853000
3,1334033,333259,515000,5000003000,3851000
3,1334033,333259,515000,5000003000,3853000
3,1334033,333259,515000,5000003000,3852000
3,1334033,333259,515000,5000003000,3852000
3,1334033,333259,515000,5000003000,3852000
3,1334033,333259,515000,5000003000,3854000
3,1334033,333259,515000,5000003000,3852000
3,1334033,333259,515000,5000003000,3849000
3,1334033,333259,515000,5000003000,3850000
3,1334033,333259,515000,5000003000,3848000
3,1334033,333259,515000,5000003000,3849000
3,1334033,333259,515000,5000003000,3848000
3,1334033,333259,515000,5000003000,3848000
3,1334033,333259,515000,5000003000,3847000
3,1334033,333259,515000,5000003000,3855000
3,1334033,333259,515000,5000003000,3849000
3,1334033,333259,515000,5000003000,3850000
3,1334033,333259,515000,5000003000,3850000
3,1334033,333259,515000,5000003000,3850000
3,1334033,333259,515000,5000003000,3851000
3,1334033,333259,515000,5000003000,3852000
3,1334033,333259,515000,5000003000,3851000
3,1334033,333259,515000,5000003000,3855000
3,1334033,333259,515000,5000003000,3854000
3,1334033,333259,515000,5000003000,3855000
3,1334033,333259,515000,5000003000,3853000
3,1334033,333259,515000,5000003000,3854000
3,1334033,333259,515000,5000003000,3853000
3,1334033,333259,515000,5000003000,3854000
3,1334033,333259,515000,5000003000,3854000
3,1334033,333259,515000,5000003000,3854000
3,1334033,333259,515000,5000003000,3851000
3,1334033,333259,515000,5000003000,3851000
3,1334033,333259,515000,5000003000,3851000
3,1334033,333259,515000,5000003000,3851000
3,1334033,333259,515000,5000003000,3850000
3,1334033,333259,515000,5000003000,3850000
3,1334033,333259,515000,5000003000,3850000
3,1334033,333259,515000,5000003000,3852000
3,1334033,333259,515000,5000003000,3852000
3,1334033,333259,515000,5000003000,3852000
3,1334033,333259,515000,5000003000,3853000
3,1334033,333259,515000,5000003000,3852000
3,1334033,333259,515000,5000003000,3853000
3,1334033,333259,515000,5000003000,3852000
3,1334033,333259,515000,5000003000,3853000
3,1334033,333259,515000,5000003000,3854000
3,1334033,333259,515000,5000003000,3854000
3,1334033,333259,515000,5000003000,3852000
3,1334033,333259,515000,5000003000,3852000
3,1334033,333259,515000,5000003000,3852000
3,1334033,333259,515000,5000003000,3853000
3,1334033,333259,515000,5000003000,3852000
3,1334033,333259,515000,5000003000,3853000
3,1334033,333259,515000,5000003000,3855000
3,1334033,333259,515000,5000003000,3852000
3,1334033,333259,515000,5000003000,3854000
3,1334033,333259,515000,5000003000,3854000
3,1334033,333259,515000,5000003000,3854000
3,1334033,333259,515000,5000003000,3853000
3,1334033,333259,515000,5000003000,3854000
3,1334033,333259,515000,5000003000,3849000
3,1334033,333259,515000,5000003000,3849000
3,1334033,333259,515000,5000003000,3848000
3,1334033,333259,515000,5000003000,3849000
3,1334033,333259,515000,5000003000,3848000
3,1334033,333259,515000,5000003000,3849000
3,1334033,333259,515000,5000003000,3848000
3,1334033,333259,515000,5000003000,3848000
3,1334033,333259,515000,5000003000,3847000
3,1334033,333259,515000,5000003000,3848000
3,1334033,333259,515000,5000003000,3849000
3,1334033,333259,515000,5000003000,3848000
3,1334033,333259,515000,5000003000,3849000
3,1334033,333259,515000,5000003000,3849000
3,1334033,333259,515000,5000003000,3848000
3,1334033,333259,515000,5000003000,3848000
3,1334033,333259,515000,5000003000,3846000
3,1334033,333259,515000,5000003000,3854000
3,1334033,333259,515000,5000003000,3852000
3,1334033,333259,515000,5000003000,3854000
3,1334033,333259,515000,5000003000,3855000
3,1334033,333259,515000,5000003000,3854000
3,1334033,333259,515000,5000003000,3853000
3,1334033,333259,515000,5000003000,3852000
3,1334033,333259,515000,5000003000,3851000
3,1334033,333259,515000,5000003000,3851000
3,1334033,333259,515000,5000003000,3853000
3,1334033,333259,515000,5000003000,3852000
3,1334033,333259,515000,5000003000,3851000
3,1334033,333259,515000,5000003000,3850000
3,1334033,333259,515000,5000003000,3852000
3,1334033,333259,515000,5000003000,3853000
3,1334033,333259,515000,5000003000,3852000
3,1334033,333259,515000,5000003000,3850000
3,1334033,333259,515000,5000003000,3850000
3,1334033,333259,515000,5000003000,3851000
3,1334033,333259,515000,5000003000,3857000
3,1334033,333259,515000,5000003000,3851000
3,1334033,333259,515000,5000003000,3852000
3,1334033,333259,515000,5000003000,3852000
3,1334033,333259,515000,5000003000,3851000
3,1334033,333259,515000,5000003000,3857000
3,1334033,333259,515000,5000003000,3854000
3,1334033,333259,515000,5000003000,3855000
3,1334033,333259,515000,5000003000,3847000
3,1334033,333259,515000,5000003000,3849000
3,1334033,333259,515000,5000003000,3848000
3,1334033,333259,515000,5000003000,3848000
3,1334033,333259,515000,5000003000,3855000
3,1334033,333259,515000,5000003000,3854000
3,1334033,333259,515000,5000003000,3851000
3,1334033,333259,515000,5000003000,3851000
3,1334033,333259,515000,5000003000,3851000
3,1334033,333259,515000,5000003000,3851000
3,1334033,333259,515000,5000003000,3851000
3,1334033,333259,515000,5000003000,3852000
3,1334033,333259,515000,5000003000,3851000
3,1334033,333259,515000,5000003000,3853000
3,1334033,333259,515000,5000003000,3853000
3,1334033,333259,515000,5000003000,3853000
3,1334033,333259,515000,5000003000,3852000
3,1334033,333259,515000,5000003000,3854000
3,1334033,333259,515000,5000003000,3853000
3,1334033,333259,515000,5000003000,3854000
3,1334033,333259,515000,5000003000,3853000
3,1334033,333259,515000,5000003000,3854000
3,1334033,333259,515000,5000003000,3854000
3,1334033,333259,515000,5000003000,3854000
3,1334033,333259,515000,5000003000,3855000
3,1334033,333259,515000,5000003000,3855000
3,1334033,333259,515000,5000003000,3854000
3,1334033,333259,515000,5000003000,3854000
3,1334033,333259,515000,5000003000,3853000
3,1334033,333259,515000,5000003000,3854000
3,1334033,333259,515000,5000003000,3857000
3,1334033,333259,515000,5000003000,3849000
3,1334033,333259,515000,5000003000,3851000
3,1334033,333259,515000,5000003000,3847000
3,1334033,333259,515000,5000003000,3848000
3,1334033,333259,515000,5000003000,3854000
3,1334033,333259,515000,5000003000,3855000
3,1334033,333259,515000,5000003000,3857000
3,1334033,333259,515000,5000003000,3854000
3,1334033,333259,515000,5000003000,3857000
3,1334033,333259,515000,5000003000,3855000
3,1334033,333259,515000,5000003000,3850000
3,1334033,333259,515000,5000003000,3851000
3,1334033,333259,515000,5000003000,3851000
3,1334033,333259,515000,5000003000,3850000
3,1334033,333259,515000,5000003000,3850000
3,1334033,333259,515000,5000003000,3850000
3,1334033,333259,515000,5000003000,3851000
3,1334033,333259,515000,5000003000,3850000
3,1334033,333259,515000,5000003000,3850000
3,1334033,333259,515000,5000003000,3849000
3,1334033,333259,515000,5000003000,3850000
3,1334033,333259,515000,5000003000,3849000
3,1334033,333259,515000,5000003000,3849000
3,1334033,333259,515000,5000003000,3848000
3,1334033,333259,515000,5000003000,3849000
3,1334033,333259,515000,5000003000,3848000
3,1334033,333259,515000,5000003000,3850000
3,1334033,333259,515000,5000003000,3850000
3,1334033,333259,515000,5000003000,3851000
3,1334033,333259,515000,5000003000,3851000
3,1334033,333259,515000,5000003000,3851000
3,1334033,333259,515000,5000003000,3852000
3,1334033,333259,515000,5000003000,3854000
3,1334033,333259,515000,5000003000,3851000
3,1334033,333259,515000,5000003000,3851000
3,1334033,333259,515000,5000003000,3852000
3,1334033,333259,515000,5000003000,3854000
3,1334033,333259,515000,5000003000,3854000
3,1334033,333259,515000,5000003000,3855000
3,1334033,333259,515000,5000003000,3852000
3,1334033,333259,515000,5000003000,3853000
3,1334033,333259,515000,5000003000,3855000
3,1334033,333259,515000,5000003000,3854000
3,1334033,333259,515000,5000003000,3855000
3,1334033,333259,515000,5000003000,3851000
3,1334033,333259,515000,5000003000,3853000
3,1334033,333259,515000,5000003000,3852000
3,1334033,333259,515000,5000003000,3852000
3,1334033,333259,515000,5000003000,3851000
3,1334033,333259,515000,5000003000,3851000
3,1334033,333259,515000,5000003000,3870000
3,1334033,333259,515000,5000003000,3849000
3,1334033,333259,515000,5000003000,3846000
3,1334033,333259,515000,5000003000,3853000
3,1334033,333259,515000,5000003000,3854000
3,1334033,333259,515000,5000003000,3850000
3,1334033,333259,515000,5000003000,3851000
3,1334033,333259,515000,5000003000,3851000
3,1334033,333259,515000,5000003000,3851000
3,1334033,333259,515000,5000003000,3853000
3,1334033,333259,515000,5000003000,3852000
3,1334033,333259,515000,5000003000,3852000
3,1334033,333259,515000,5000003000,3852000
3,1334033,333259,515000,5000003000,3854000
3,1334033,333259,515000,5000003000,3854000
3,1334033,333259,515000,5000003000,3854000
3,1334033,333259,515000,5000003000,3850000
3,1334033,333259,515000,5000003000,3851000
3,1334033,333259,515000,5000003000,3853000
3,1334033,333259,515000,5000003000,3853000
3,1334033,333259,515000,5000003000,3852000
3,1334033,333259,515000,5000003000,3855000
3,1334033,333259,515000,5000003000,3854000
3,1334033,333259,515000,5000003000,3852000
3,1334033,333259,515000,5000003000,3852000
3,1334033,333259,515000,5000003000,3851000
3,1334033,333259,515000,5000003000,3852000
3,1334033,333259,515000,5000003000,3852000
3,1334033,333259,515000,5000003000,3852000
3,1334033,333259,515000,5000003000,3851000
3,1334033,333259,515000,5000003000,3851000
3,1334033,333259,515000,5000003000,3853000
3,1334033,333259,515000,5000003000,3853000
3,1334033,333259,515000,5000003000,3855000
3,1334033,333259,515000,5000003000,3852000
3,1334033,333259,515000,5000003000,3853000
3,1334033,333259,515000,5000003000,3852000
3,1334033,333259,515000,5000003000,3854000
3,1334033,333259,515000,5000003000,3854000
3,1334033,333259,515000,5000003000,3856000
3,1334033,333259,515000,5000003000,3853000
3,1334033,333259,515000,5000003000,3852000
3,1334033,333259,515000,5000003000,3853000
3,1334033,333259,515000,5000003000,3852000
3,1334033,333259,515000,5000003000,3855000
3,1334033,333259,515000,5000003000,3853000
3,1334033,333259,515000,5000003000,3853000
3,1334033,333259,515000,5000003000,3854000
3,1334033,333259,515000,5000003000,3853000
3,1334033,333259,515000,5000003000,3853000
3,1334033,333259,515000,5000003000,3850000
3,1334033,333259,515000,5000003000,3850000
3,1334033,333259,515000,5000003000,3850000
3,1334033,333259,515000,5000003000,3849000
3,1334033,333259,515000,5000003000,3849000
3,1334033,333259,515000,5000003000,3856000
3,1334033,333259,515000,5000003000,3856000
3,1334033,333259,515000,5000003000,3855000
3,1334033,333259,515000,5000003000,3854000
3,1334033,333259,515000,5000003000,3854000
3,1334033,333259,515000,5000003000,3853000
3,1334033,333259,515000,5000003000,3852000
3,1334033,333259,515000,5000003000,3851000
3,1334033,333259,515000,5000003000,3850000
3,1334033,333259,515000,5000003000,3850000
3,1334033,333259,515000,5000003000,3850000
3,1334033,333259,515000,5000003000,3850000
3,1334033,333259,515000,5000003000,3850000
3,1334033,333259,515000,5000003000,3850000
3,1334033,333259,515000,5000003000,3854000
3,1334033,333259,515000,5000003000,3854000
3,1334033,333259,515000,5000003000,3852000
3,1334033,333259,515000,5000003000,3853000
3,1334033,333259,515000,5000003000,3852000
3,1334033,333259,515000,5000003000,3852000
3,1334033,333259,515000,5000003000,3853000
3,1334033,333259,515000,5000003000,3854000
3,1334033,333259,515000,5000003000,3855000
3,1334033,333259,515000,5000003000,3855000
3,1334033,333259,515000,5000003000,3853000
3,1334033,333259,515000,5000003000,3854000
3,1334033,333259,515000,5000003000,3854000
3,1334033,333259,515000,5000003000,3853000
3,1334033,333259,515000,5000003000,3855000
3,1334033,333259,515000,5000003000,3855000
3,1334033,333259,515000,5000003000,3852000
3,1334033,333259,515000,5000003000,3854000
3,1334033,333259,515000,5000003000,3853000
3,1334033,333259,515000,5000003000,3855000
3,1334033,333259,515000,5000003000,3855000
3,1334033,333259,515000,5000003000,3854000
3,1334033,333259,515000,5000003000,3853000
3,1334033,333259,515000,5000003000,3852000
3,1334033,333259,515000,5000003000,3849000
3,1334033,333259,515000,5000003000,3847000
3,1334033,333259,515000,5000003000,3848000
3,1334033,333259,515000,5000003000,3851000
3,1334033,333259,515000,5000003000,3851000
3,1334033,333259,515000,5000003000,3851000
3,1334033,333259,515000,5000003000,3851000
3,1334033,333259,515000,5000003000,3851000
3,1334033,333259,515000,5000003000,3852000
3,1334033,333259,515000,5000003000,3853000
3,1334033,333259,515000,5000003000,3853000
3,1334033,333259,515000,5000003000,3853000
3,1334033,333259,515000,5000003000,3852000
3,1334033,333259,515000,5000003000,3853000
3,1334033,333259,515000,5000003000,3851000
3,1334033,333259,515000,5000003000,3851000
3,1334033,333259,515000,5000003000,3851000
3,1334033,333259,515000,5000003000,3852000
3,1334033,333259,515000,5000003000,3853000
3,1334033,333259,515000,5000003000,3853000
3,1334033,333259,515000,5000003000,3852000
3,1334033,333259,515000,5000003000,3851000
3,1334033,333259,515000,5000003000,3850000
4,1334033,333234,486000,5000010000,87000
4,1334033,333234,486000,5000010000,3852000
4,1334033,333234,486000,5000010000,3849000
4,1334033,333234,486000,5000010000,3850000
4,1334033,333234,486000,5000010000,3851000
4,1334033,333234,486000,5000010000,3854000
4,1334033,333234,486000,5000010000,3854000
4,1334033,333234,486000,5000010000,3854000
4,1334033,333234,486000,5000010000,3853000
4,1334033,333234,486000,5000010000,3853000
4,1334033,333234,486000,5000010000,3851000
4,1334033,333234,486000,5000010000,3851000
4,1334033,333234,486000,5000010000,3852000
4,1334033,333234,486000,5000010000,3876000
4,1334033,333234,486000,5000010000,3853000
4,1334033,333234,486000,5000010000,3854000
4,1334033,333234,486000,5000010000,3853000
4,1334033,333234,486000,5000010000,3854000
4,1334033,333234,486000,5000010000,3852000
4,1334033,333234,486000,5000010000,3853000
4,1334033,333234,486000,5000010000,3853000
4,1334033,333234,486000,5000010000,3854000
4,1334033,333234,486000,5000010000,3853000
4,1334033,333234,486000,5000010000,3845000
4,1334033,333234,486000,5000010000,3848000
4,1334033,333234,486000,5000010000,3848000
4,1334033,333234,486000,5000010000,3852000
4,1334033,333234,486000,5000010000,3851000
4,1334033,333234,486000,5000010000,3850000
4,1334033,333234,486000,5000010000,3850000
4,1334033,333234,486000,5000010000,3850000
4,1334033,333234,486000,5000010000,3850000
4,1334033,333234,486000,5000010000,3850000
4,1334033,333234,486000,5000010000,3850000
4,1334033,333234,486000,5000010000,3850000
4,1334033,333234,486000,5000010000,3851000
4,1334033,333234,486000,5000010000,3850000
4,1334033,333234,486000,5000010000,3849000
4,1334033,333234,486000,5000010000,3846000
4,1334033,333234,486000,5000010000,3854000
4,1334033,333234,486000,5000010000,3853000
4,1334033,333234,486000,5000010000,3854000
4,1334033,333234,486000,5000010000,3853000
4,1334033,333234,486000,5000010000,3853000
4,1334033,333234,486000,5000010000,3852000
4,1334033,333234,486000,5000010000,3853000
4,1334033,333234,486000,5000010000,3849000
4,1334033,333234,486000,5000010000,3854000
4,1334033,333234,486000,5000010000,3854000
4,1334033,333234,486000,5000010000,3853000
4,1334033,333234,486000,5000010000,3854000
4,1334033,333234,486000,5000010000,3853000
4,1334033,333234,486000,5000010000,3854000
4,1334033,333234,486000,5000010000,3854000
4,1334033,333234,486000,5000010000,3856000
4,1334033,333234,486000,5000010000,3855000
4,1334033,333234,486000,5000010000,3853000
4,1334033,333234,486000,5000010000,3853000
4,1334033,333234,486000,5000010000,3852000
4,1334033,333234,486000,5000010000,3853000
4,1334033,333234,486000,5000010000,3852000
4,1334033,333234,486000,5000010000,3853000
4,1334033,333234,486000,5000010000,3852000
4,1334033,333234,486000,5000010000,3850000
4,1334033,333234,486000,5000010000,3850000
4,1334033,333234,486000,5000010000,3850000
4,1334033,333234,486000,5000010000,3850000
4,1334033,333234,486000,5000010000,3850000
4,1334033,333234,486000,5000010000,3848000
4,1334033,333234,486000,5000010000,3852000
4,1334033,333234,486000,5000010000,3849000
4,1334033,333234,486000,5000010000,3849000
4,1334033,333234,486000,5000010000,3847000
4,1334033,333234,486000,5000010000,3848000
4,1334033,333234,486000,5000010000,3848000
4,1334033,333234,486000,5000010000,3847000
4,1334033,333234,486000,5000010000,3848000
4,1334033,333234,486000,5000010000,3848000
4,1334033,333234,486000,5000010000,3849000
4,1334033,333234,486000,5000010000,3848000
4,1334033,333234,486000,5000010000,3849000
4,1334033,333234,486000,5000010000,3848000
4,1334033,333234,486000,5000010000,3849000
4,1334033,333234,486000,5000010000,3848000
4,1334033,333234,486000,5000010000,3850000
4,1334033,333234,486000,5000010000,3850000
4,1334033,333234,486000,5000010000,3848000
4,1334033,333234,486000,5000010000,3849000
4,1334033,333234,486000,5000010000,3848000
4,1334033,333234,486000,5000010000,3849000
4,1334033,333234,486000,5000010000,3848000
4,1334033,333234,486000,5000010000,3847000
4,1334033,333234,486000,5000010000,3848000
4,1334033,333234,486000,5000010000,3855000
4,1334033,333234,486000,5000010000,3854000
4,1334033,333234,486000,5000010000,3854000
4,1334033,333234,486000,5000010000,3854000
4,1334033,333234,486000,5000010000,3854000
4,1334033,333234,486000,5000010000,3854000
4,1334033,333234,486000,5000010000,3854000
4,1334033,333234,486000,5000010000,3854000
4,1334033,333234,486000,5000010000,3852000
4,1334033,333234,486000,5000010000,3854000
4,1334033,333234,486000,5000010000,3853000
4,1334033,333234,486000,5000010000,3852000
4,1334033,333234,486000,5000010000,3852000
4,1334033,333234,486000,5000010000,3852000
4,1334033,333234,486000,5000010000,3850000
4,1334033,333234,486000,5000010000,3852000
4,1334033,333234,486000,5000010000,3852000
4,1334033,333234,486000,5000010000,3853000
4,1334033,333234,486000,5000010000,3852000
4,1334033,333234,486000,5000010000,3847000
4,1334033,333234,486000,5000010000,3847000
4,1334033,333234,486000,5000010000,3850000
4,1334033,333234,486000,5000010000,3851000
4,1334033,333234,486000,5000010000,3849000
4,1334033,333234,486000,5000010000,3849000
4,1334033,333234,486000,5000010000,3849000
4,1334033,333234,486000,5000010000,3850000
4,1334033,333234,486000,5000010000,3849000
4,1334033,333234,486000,5000010000,3850000
4,1334033,333234,486000,5000010000,3851000
4,1334033,333234,486000,5000010000,3851000
4,1334033,333234,486000,5000010000,3850000
4,1334033,333234,486000,5000010000,3856000
4,1334033,333234,486000,5000010000,3854000
4,1334033,333234,486000,5000010000,3854000
4,1334033,333234,486000,5000010000,3853000
4,1334033,333234,486000,5000010000,3855000
4,1334033,333234,486000,5000010000,3855000
4,1334033,333234,486000,5000010000,3855000
4,1334033,333234,486000,5000010000,3850000
4,1334033,333234,486000,5000010000,3850000
4,1334033,333234,486000,5000010000,3861000
4,1334033,333234,486000,5000010000,3854000
4,1334033,333234,486000,5000010000,3853000
4,1334033,333234,486000,5000010000,3852000
4,1334033,333234,486000,5000010000,3857000
4,1334033,333234,486000,5000010000,3852000
4,1334033,333234,486000,5000010000,3853000
4,1334033,333234,486000,5000010000,3849000
4,1334033,333234,486000,5000010000,3849000
4,1334033,333234,486000,5000010000,3852000
4,1334033,333234,486000,5000010000,3852000
4,1334033,333234,486000,5000010000,3853000
4,1334033,333234,486000,5000010000,3854000
4,1334033,333234,486000,5000010000,3852000
4,1334033,333234,486000,5000010000,3852000
4,1334033,333234,486000,5000010000,3852000
4,1334033,333234,486000,5000010000,3851000
4,1334033,333234,486000,5000010000,3851000
4,1334033,333234,486000,5000010000,3851000
4,1334033,333234,486000,5000010000,3852000
4,1334033,333234,486000,5000010000,3851000
4,1334033,333234,486000,5000010000,3849000
4,1334033,333234,486000,5000010000,3848000
4,1334033,333234,486000,5000010000,3849000
4,1334033,333234,486000,5000010000,3849000
4,1334033,333234,486000,5000010000,3849000
4,1334033,333234,486000,5000010000,3849000
4,1334033,333234,486000,5000010000,3852000
4,1334033,333234,486000,5000010000,3852000
4,1334033,333234,486000,5000010000,3852000
4,1334033,333234,486000,5000010000,3852000
4,1334033,333234,486000,5000010000,3853000
4,1334033,333234,486000,5000010000,3854000
4,1334033,333234,486000,5000010000,3854000
4,1334033,333234,486000,5000010000,3853000
4,1334033,333234,486000,5000010000,3855000
4,1334033,333234,486000,5000010000,3851000
4,1334033,333234,486000,5000010000,3852000
4,1334033,333234,486000,5000010000,3847000
4,1334033,333234,486000,5000010000,3856000
4,1334033,333234,486000,5000010000,3857000
4,1334033,333234,486000,5000010000,3855000
4,1334033,333234,486000,5000010000,3858000
4,1334033,333234,486000,5000010000,3855000
4,1334033,333234,486000,5000010000,3855000
4,1334033,333234,486000,5000010000,3855000
4,1334033,333234,486000,5000010000,3855000
4,1334033,333234,486000,5000010000,3852000
4,1334033,333234,486000,5000010000,3853000
4,1334033,333234,486000,5000010000,3853000
4,1334033,333234,486000,5000010000,3853000
4,1334033,333234,486000,5000010000,3854000
4,1334033,333234,486000,5000010000,3854000
4,1334033,333234,486000,5000010000,3856000
4,1334033,333234,486000,5000010000,3853000
4,1334033,333234,486000,5000010000,3854000
4,1334033,333234,486000,5000010000,3854000
4,1334033,333234,486000,5000010000,3854000
4,1334033,333234,486000,5000010000,3853000
4,1334033,333234,486000,5000010000,3855000
4,1334033,333234,486000,5000010000,3854000
4,1334033,333234,486000,5000010000,3854000
4,1334033,333234,486000,5000010000,3854000
4,1334033,333234,486000,5000010000,3853000
4,1334033,333234,486000,5000010000,3853000
4,1334033,333234,486000,5000010000,3851000
4,1334033,333234,486000,5000010000,3850000
4,1334033,333234,486000,5000010000,3848000
4,1334033,333234,486000,5000010000,3850000
4,1334033,333234,486000,5000010000,3850000
4,1334033,333234,486000,5000010000,3850000
4,1334033,333234,486000,5000010000,3850000
4,1334033,333234,486000,5000010000,3849000
4,1334033,333234,486000,5000010000,3849000
4,1334033,333234,486000,5000010000,3849000
4,1334033,333234,486000,5000010000,3850000
4,1334033,333234,486000,5000010000,3850000
4,1334033,333234,486000,5000010000,3850000
4,1334033,333234,486000,5000010000,3852000
4,1334033,333234,486000,5000010000,3851000
4,1334033,333234,486000,5000010000,3852000
4,1334033,333234,486000,5000010000,3851000
4,1334033,333234,486000,5000010000,3854000
4,1334033,333234,486000,5000010000,3854000
4,1334033,333234,486000,5000010000,3874000
4,1334033,333234,486000,5000010000,3852000
4,1334033,333234,486000,5000010000,3853000
4,1334033,333234,486000,5000010000,3848000
4,1334033,333234,486000,5000010000,3849000
4,1334033,333234,486000,5000010000,3855000
4,1334033,333234,486000,5000010000,3853000
4,1334033,333234,486000,5000010000,3854000
4,1334033,333234,486000,5000010000,3852000
4,1334033,333234,486000,5000010000,3851000
4,1334033,333234,486000,5000010000,3851000
4,1334033,333234,486000,5000010000,3855000
4,1334033,333234,486000,5000010000,3854000
4,1334033,333234,486000,5000010000,3854000
4,1334033,333234,486000,5000010000,3854000
4,1334033,333234,486000,5000010000,3854000
4,1334033,333234,486000,5000010000,3853000
4,1334033,333234,486000,5000010000,3853000
4,1334033,333234,486000,5000010000,3847000
4,1334033,333234,486000,5000010000,3850000
4,1334033,333234,486000,5000010000,3855000
4,1334033,333234,486000,5000010000,3852000
4,1334033,333234,486000,5000010000,3855000
4,1334033,333234,486000,5000010000,3854000
4,1334033,333234,486000,5000010000,3851000
4,1334033,333234,486000,5000010000,3851000
4,1334033,333234,486000,5000010000,3852000
4,1334033,333234,486000,5000010000,3851000
4,1334033,333234,486000,5000010000,3851000
4,1334033,333234,486000,5000010000,3851000
4,1334033,333234,486000,5000010000,3849000
4,1334033,333234,486000,5000010000,3854000
4,1334033,333234,486000,5000010000,3854000
4,1334033,333234,486000,5000010000,3854000
4,1334033,333234,486000,5000010000,3852000
4,1334033,333234,486000,5000010000,3851000
4,1334033,333234,486000,5000010000,3852000
4,1334033,333234,486000,5000010000,3853000
4,1334033,333234,486000,5000010000,3852000
4,1334033,333234,486000,5000010000,3851000
4,1334033,333234,486000,5000010000,3852000
4,1334033,333234,486000,5000010000,3854000
4,1334033,333234,486000,5000010000,3854000
4,1334033,333234,486000,5000010000,3848000
4,1334033,333234,486000,5000010000,3856000
4,1334033,333234,486000,5000010000,3857000
4,1334033,333234,486000,5000010000,3855000
4,1334033,333234,486000,5000010000,3856000
4,1334033,333234,486000,5000010000,3854000
4,1334033,333234,486000,5000010000,3854000
4,1334033,333234,486000,5000010000,3850000
4,1334033,333234,486000,5000010000,3850000
4,1334033,333234,486000,5000010000,3850000
4,1334033,333234,486000,5000010000,3852000
4,1334033,333234,486000,5000010000,3853000
4,1334033,333234,486000,5000010000,3854000
4,1334033,333234,486000,5000010000,3850000
4,1334033,333234,486000,5000010000,3847000
4,1334033,333234,486000,5000010000,3848000
4,1334033,333234,486000,5000010000,3847000
4,1334033,333234,486000,5000010000,3849000
4,1334033,333234,486000,5000010000,3854000
4,1334033,333234,486000,5000010000,3850000
4,1334033,333234,486000,5000010000,3856000
4,1334033,333234,486000,5000010000,3855000
4,1334033,333234,486000,5000010000,3854000
4,1334033,333234,486000,5000010000,3854000
4,1334033,333234,486000,5000010000,3854000
4,1334033,333234,486000,5000010000,3855000
4,1334033,333234,486000,5000010000,3851000
4,1334033,333234,486000,5000010000,3852000
4,1334033,333234,486000,5000010000,3851000
4,1334033,333234,486000,5000010000,3850000
4,1334033,333234,486000,5000010000,3850000
4,1334033,333234,486000,5000010000,3850000
4,1334033,333234,486000,5000010000,3850000
4,1334033,333234,486000,5000010000,3850000
4,1334033,333234,486000,5000010000,3851000
4,1334033,333234,486000,5000010000,3852000
4,1334033,333234,486000,5000010000,3854000
4,1334033,333234,486000,5000010000,3855000
4,1334033,333234,486000,5000010000,3855000
4,1334033,333234,486000,5000010000,3854000
4,1334033,333234,486000,5000010000,3856000
4,1334033,333234,486000,5000010000,3853000
4,1334033,333234,486000,5000010000,3853000
4,1334033,333234,486000,5000010000,3853000
4,1334033,333234,486000,5000010000,3854000
4,1334033,333234,486000,5000010000,3855000
4,1334033,333234,486000,5000010000,3856000
4,1334033,333234,486000,5000010000,3846000
4,1334033,333234,486000,5000010000,3847000
4,1334033,333234,486000,5000010000,3852000
4,1334033,333234,486000,5000010000,3854000
4,1334033,333234,486000,5000010000,3854000
4,1334033,333234,486000,5000010000,3854000
4,1334033,333234,486000,5000010000,3851000
4,1334033,333234,486000,5000010000,3849000
4,1334033,333234,486000,5000010000,3854000
4,1334033,333234,486000,5000010000,3853000
4,1334033,333234,486000,5000010000,3854000
4,1334033,333234,486000,5000010000,3853000
4,1334033,333234,486000,5000010000,3853000
4,1334033,333234,486000,5000010000,3852000
4,1334033,333234,486000,5000010000,3853000
4,1334033,333234,486000,5000010000,3853000
4,1334033,333234,486000,5000010000,3854000
4,1334033,333234,486000,5000010000,3854000
4,1334033,333234,486000,5000010000,3854000
4,1334033,333234,486000,5000010000,3854000
4,1334033,333234,486000,5000010000,3853000
4,1334033,333234,486000,5000010000,3853000
4,1334033,333234,486000,5000010000,3853000
4,1334033,333234,486000,5000010000,3854000
4,1334033,333234,486000,5000010000,3855000
4,1334033,333234,486000,5000010000,3854000
